name,cost,duration_days,prepayment
Сопровождение мобильного приложения (MVP),12000.00,1,4100.00
Консультация мобильного приложения,13000.00,1,3800.00
Настройка ERP-системы (SaaS),13500.00,1,6700.00
Консультация системы управления задачами под ключ,14000.00,1,4100.00
Консультация базы данных под ключ,17000.00,2,4500.00
Консультация базы данных (MVP),17500.00,2,5900.00
Консультация чат-бота с нуля,20000.00,2,8800.00
Сопровождение мобильного приложения (MVP),23000.00,2,6700.00
Аудит платёжного модуля (Enterprise),23500.00,2,11100.00
Сопровождение API-сервиса,24000.00,3,7400.00
Консультация системы аналитики с нуля,24500.00,2,10300.00
Консультация системы аналитики (MVP),24500.00,2,10900.00
Консультация корпоративного портала,25000.00,3,10500.00
Аудит системы аналитики с нуля,26000.00,2,13000.00
Настройка CRM-системы (MVP),27000.00,3,9700.00
Сопровождение ERP-системы (Enterprise),29000.00,4,10600.00
Сопровождение системы аутентификации с нуля,29000.00,3,11900.00
Консультация системы аутентификации (Enterprise),29000.00,3,12100.00
Сопровождение CRM-системы (MVP),30000.00,2,10500.00
Консультация системы аналитики под ключ,30000.00,3,14900.00
Консультация системы управления задачами (POC),33000.00,4,15000.00
Аудит базы данных с нуля,34500.00,4,9800.00
Консультация облачной инфраструктуры (MVP),34500.00,3,13300.00
Настройка веб-приложения на основе существующего решения,34500.00,3,14400.00
Консультация микросервисной архитектуры (POC),35000.00,4,11300.00
Сопровождение микросервисной архитектуры на основе существующего решения,39000.00,5,18500.00
Настройка API-сервиса (POC),40000.00,4,14400.00
Консультация сети доставки контента (MVP),40500.00,4,14200.00
Сопровождение чат-бота (Enterprise),41000.00,3,11000.00
Тестирование веб-приложения (SaaS),42000.00,5,19000.00
Консультация CRM-системы (MVP),42500.00,3,14700.00
Оптимизация веб-приложения (MVP),42500.00,3,18400.00
Консультация облачной инфраструктуры,43000.00,4,11200.00
Консультация корпоративного портала (Enterprise),45000.00,4,16600.00
Оптимизация системы аналитики с нуля,45000.00,4,16800.00
Консультация корпоративного портала (MVP),46000.00,4,19400.00
Настройка системы аналитики под ключ,47000.00,5,22500.00
Консультация мобильного приложения (SaaS),51000.00,5,24700.00
Консультация системы резервного копирования с нуля,51500.00,5,16200.00
Консультация чат-бота под ключ,52500.00,6,15700.00
Настройка облачной инфраструктуры,53000.00,5,16600.00
Консультация ERP-системы (SaaS),54500.00,5,26600.00
Разработка нагрузочного тестирования с нуля,57000.00,6,21500.00
Консультация чат-бота (SaaS),62000.00,7,18200.00
Консультация API-сервиса на основе существующего решения,64000.00,5,21100.00
Консультация API-сервиса (POC),65500.00,7,19600.00
Консультация нагрузочного тестирования на основе существующего решения,66000.00,7,23300.00
Миграция базы данных (POC),67500.00,8,29200.00
Консультация микросервисной архитектуры на основе существующего решения,69500.00,6,32000.00
Тестирование веб-приложения (POC),70500.00,5,22900.00
Консультация DevOps-пайплайна (POC),71000.00,5,20500.00
Разработка базы данных на основе существующего решения,71000.00,6,29700.00
Аудит ERP-системы (POC),71500.00,9,25100.00
Настройка ERP-системы на основе существующего решения,72500.00,5,18200.00
Оптимизация системы аутентификации под ключ,78500.00,6,20100.00
Консультация мобильного приложения на основе существующего решения,79000.00,8,24900.00
Сопровождение системы управления задачами (MVP),84000.00,6,41000.00
Миграция базы данных (Enterprise),85000.00,8,41100.00
Оптимизация веб-приложения (POC),86500.00,7,29600.00
Аудит CRM-системы (SaaS),91000.00,11,38600.00
Настройка облачной инфраструктуры (SaaS),93500.00,8,39700.00
Развёртывание мобильного приложения,94500.00,10,39900.00
Развёртывание DevOps-пайплайна с нуля,97000.00,7,44200.00
Настройка CRM-системы (SaaS),100000.00,13,40000.00
Проектирование системы аутентификации под ключ,101000.00,8,48100.00
Настройка чат-бота (SaaS),102500.00,13,35000.00
Развёртывание системы мониторинга на основе существующего решения,103500.00,9,42200.00
Сопровождение ERP-системы (Enterprise),110000.00,12,47600.00
Интеграция нагрузочного тестирования с нуля,110500.00,9,45500.00
Оптимизация чат-бота,110500.00,9,46900.00
Сопровождение облачной инфраструктуры (MVP),111000.00,10,34300.00
Сопровождение CRM-системы (SaaS),111000.00,14,44700.00
Сопровождение нагрузочного тестирования,113500.00,14,49700.00
Тестирование DevOps-пайплайна на основе существующего решения,114500.00,10,35000.00
Тестирование базы данных с нуля,115000.00,13,40800.00
Интеграция мобильного приложения (Enterprise),115500.00,13,31800.00
Сопровождение платёжного модуля с нуля,115500.00,15,51500.00
Тестирование облачной инфраструктуры (SaaS),117000.00,8,36300.00
Сопровождение сети доставки контента (POC),118000.00,10,45000.00
Сопровождение API-сервиса под ключ,119000.00,12,51200.00
Оптимизация API-сервиса (SaaS),120000.00,12,43600.00
Интеграция облачной инфраструктуры с нуля,120500.00,15,39000.00
Аудит платёжного модуля (MVP),121500.00,13,58500.00
Сопровождение системы мониторинга под ключ,124000.00,13,60200.00
Аудит корпоративного портала (SaaS),125000.00,12,43900.00
Тестирование системы резервного копирования,125500.00,11,54900.00
Проектирование мобильного приложения (Enterprise),126500.00,12,46100.00
Проектирование мобильного приложения (Enterprise),128000.00,14,41800.00
Настройка чат-бота (POC),131000.00,14,57800.00
Интеграция CRM-системы под ключ,133000.00,16,49000.00
Сопровождение корпоративного портала на основе существующего решения,134000.00,16,63800.00
Разработка панели администратора (POC),139500.00,10,38200.00
Тестирование API-сервиса (Enterprise),140000.00,17,40100.00
Сопровождение сети доставки контента,141000.00,17,39400.00
Проектирование мобильного приложения (POC),143000.00,18,56700.00
Настройка веб-приложения (Enterprise),144000.00,12,45900.00
Настройка мобильного приложения,148000.00,14,37400.00
Аудит мобильного приложения,148500.00,11,70200.00
Развёртывание платёжного модуля под ключ,149000.00,17,37700.00
Настройка CRM-системы (Enterprise),149000.00,15,71300.00
Аудит системы резервного копирования с нуля,149500.00,13,51000.00
Аудит API-сервиса с нуля,149500.00,12,59300.00
Тестирование платёжного модуля с нуля,152000.00,16,67100.00
Развёртывание нагрузочного тестирования (POC),153000.00,19,53100.00
Развёртывание чат-бота (SaaS),155000.00,17,67300.00
Развёртывание чат-бота (MVP),160000.00,14,42800.00
Настройка мобильного приложения (POC),169500.00,19,51900.00
Развёртывание чат-бота под ключ,169500.00,21,71600.00
Аудит нагрузочного тестирования (Enterprise),172500.00,21,79400.00
Настройка нагрузочного тестирования,174000.00,15,75000.00
Настройка панели администратора (SaaS),176000.00,17,79000.00
Тестирование нагрузочного тестирования,177000.00,21,85500.00
Аудит системы мониторинга (SaaS),185000.00,23,66200.00
Аудит мобильного приложения под ключ,185500.00,22,83600.00
Проектирование веб-приложения с нуля,186500.00,18,55800.00
Оптимизация системы мониторинга (SaaS),196500.00,24,76000.00
Миграция системы резервного копирования,197500.00,23,94200.00
Оптимизация системы резервного копирования с нуля,199500.00,22,58700.00
Миграция ERP-системы (SaaS),199500.00,19,97300.00
Проектирование микросервисной архитектуры (SaaS),201000.00,16,51600.00
Оптимизация чат-бота,207000.00,20,86000.00
Оптимизация нагрузочного тестирования (POC),212000.00,21,78300.00
Аудит CRM-системы,216000.00,16,61800.00
Аудит DevOps-пайплайна,220000.00,26,75000.00
Оптимизация нагрузочного тестирования (SaaS),224000.00,26,102700.00
Аудит сети доставки контента с нуля,227500.00,22,85300.00
Проектирование веб-приложения под ключ,233000.00,26,85400.00
Оптимизация микросервисной архитектуры (POC),246500.00,22,103100.00
Аудит корпоративного портала (MVP),253000.00,22,123900.00
Оптимизация DevOps-пайплайна (SaaS),258500.00,24,73700.00
Развёртывание корпоративного портала на основе существующего решения,258500.00,27,101400.00
Аудит DevOps-пайплайна (Enterprise),266500.00,31,89800.00
Тестирование нагрузочного тестирования (POC),273500.00,34,76000.00
Тестирование ERP-системы под ключ,273500.00,24,119400.00
Проектирование системы аналитики под ключ,276500.00,32,110400.00
Развёртывание DevOps-пайплайна (POC),282500.00,26,84100.00
Миграция чат-бота (Enterprise),287500.00,37,75800.00
Тестирование CRM-системы (Enterprise),299500.00,32,132900.00
Оптимизация системы мониторинга под ключ,303000.00,21,79100.00
Развёртывание DevOps-пайплайна с нуля,306500.00,37,103200.00
Внедрение системы аутентификации на основе существующего решения,316000.00,39,113400.00
Оптимизация API-сервиса под ключ,343500.00,38,103200.00
Развёртывание системы мониторинга (SaaS),343500.00,39,148400.00
Проектирование нагрузочного тестирования (SaaS),344500.00,38,124400.00
Тестирование сети доставки контента (POC),351500.00,27,168900.00
Тестирование облачной инфраструктуры,354000.00,33,117400.00
Развёртывание DevOps-пайплайна,354000.00,46,162700.00
Миграция системы резервного копирования (MVP),358500.00,26,114700.00
Интеграция системы управления задачами под ключ,359000.00,28,102000.00
Интеграция веб-приложения (MVP),361500.00,29,173500.00
Проектирование веб-приложения под ключ,363000.00,32,129700.00
Миграция микросервисной архитектуры на основе существующего решения,372000.00,31,106300.00
Оптимизация API-сервиса (MVP),378000.00,43,120100.00
Миграция панели администратора (MVP),384500.00,31,192100.00
Проектирование системы резервного копирования,399000.00,43,142600.00
Проектирование DevOps-пайплайна с нуля,402000.00,33,160500.00
Интеграция платёжного модуля с нуля,410500.00,46,157800.00
Проектирование мобильного приложения с нуля,419500.00,35,134000.00
Оптимизация сети доставки контента (SaaS),420000.00,42,205500.00
Оптимизация облачной инфраструктуры,422000.00,52,184500.00
Внедрение базы данных (SaaS),437500.00,47,128000.00
Проектирование веб-приложения (POC),442500.00,56,133800.00
Оптимизация нагрузочного тестирования (POC),443000.00,52,169800.00
Оптимизация системы резервного копирования (Enterprise),457000.00,42,116100.00
Миграция веб-приложения на основе существующего решения,469500.00,55,125500.00
Миграция нагрузочного тестирования под ключ,473500.00,47,213700.00
Проектирование системы аутентификации (Enterprise),476000.00,41,197700.00
Интеграция базы данных (Enterprise),477000.00,48,152000.00
Разработка нагрузочного тестирования (SaaS),478500.00,43,172800.00
Миграция системы управления задачами (POC),486500.00,57,220800.00
Развёртывание ERP-системы под ключ,500500.00,47,139000.00
Развёртывание системы аналитики (SaaS),501500.00,62,243100.00
Развёртывание сети доставки контента с нуля,505500.00,62,217600.00
Внедрение микросервисной архитектуры с нуля,517500.00,39,223300.00
Проектирование системы аналитики,530000.00,66,156500.00
Развёртывание системы аутентификации с нуля,530000.00,43,233100.00
Развёртывание платёжного модуля (POC),532500.00,68,230500.00
Внедрение системы аналитики под ключ,535000.00,45,202300.00
Миграция ERP-системы,536500.00,43,210500.00
Развёртывание системы управления задачами под ключ,540000.00,44,140200.00
Внедрение чат-бота (SaaS),545500.00,48,190700.00
Развёртывание чат-бота под ключ,556000.00,71,145900.00
Интеграция корпоративного портала (POC),562500.00,66,229500.00
Развёртывание системы резервного копирования на основе существующего решения,575000.00,49,180000.00
Проектирование чат-бота,584500.00,67,189800.00
Развёртывание системы резервного копирования с нуля,584500.00,41,280900.00
Внедрение сети доставки контента с нуля,587000.00,69,159000.00
Проектирование базы данных с нуля,588000.00,64,158000.00
Проектирование мобильного приложения с нуля,590000.00,71,225500.00
Внедрение ERP-системы (Enterprise),624500.00,70,244000.00
Разработка микросервисной архитектуры (SaaS),638500.00,56,235600.00
Миграция CRM-системы (POC),639500.00,72,313600.00
Внедрение ERP-системы (Enterprise),646500.00,81,294000.00
Проектирование API-сервиса,656500.00,72,327100.00
Проектирование системы управления задачами (POC),664000.00,76,310000.00
Миграция платёжного модуля под ключ,666000.00,79,309000.00
Разработка панели администратора под ключ,671500.00,66,225900.00
Внедрение системы аутентификации с нуля,672000.00,84,323600.00
Внедрение ERP-системы (SaaS),694500.00,87,264500.00
Проектирование системы резервного копирования (Enterprise),707000.00,84,278500.00
Проектирование базы данных (MVP),712000.00,59,350700.00
Проектирование API-сервиса с нуля,720500.00,80,290500.00
Проектирование системы мониторинга (MVP),722500.00,74,329200.00
Проектирование CRM-системы (MVP),724500.00,60,314500.00
Внедрение системы аналитики (POC),741500.00,87,246400.00
Миграция системы аналитики с нуля,742000.00,92,300200.00
Внедрение платёжного модуля на основе существующего решения,743000.00,82,201100.00
Внедрение нагрузочного тестирования (SaaS),750500.00,97,342500.00
Миграция нагрузочного тестирования,758000.00,59,340200.00
Миграция системы аналитики (MVP),759500.00,84,316200.00
Интеграция мобильного приложения (SaaS),759500.00,75,344500.00
Миграция системы управления задачами (POC),767500.00,66,245700.00
Интеграция системы мониторинга (SaaS),801000.00,72,328100.00
Разработка API-сервиса с нуля,802500.00,61,233800.00
Интеграция веб-приложения под ключ,806000.00,100,310700.00
Внедрение базы данных на основе существующего решения,813000.00,71,206700.00
Внедрение CRM-системы на основе существующего решения,816500.00,102,336800.00
Миграция API-сервиса (SaaS),846500.00,90,407200.00
Разработка системы резервного копирования (POC),855000.00,92,270900.00
Интеграция платёжного модуля под ключ,856500.00,81,357000.00
Интеграция CRM-системы (POC),868000.00,74,263300.00
Интеграция мобильного приложения (MVP),899000.00,87,297100.00
Внедрение панели администратора на основе существующего решения,909000.00,102,265600.00
Разработка чат-бота (Enterprise),951000.00,101,326900.00
Внедрение системы аутентификации,967500.00,104,353600.00
Интеграция DevOps-пайплайна с нуля,990500.00,107,272800.00
Разработка CRM-системы (MVP),998500.00,89,461600.00
Интеграция микросервисной архитектуры,1023500.00,82,338100.00
Разработка мобильного приложения на основе существующего решения,1033000.00,88,301200.00
Разработка микросервисной архитектуры (MVP),1041000.00,93,289600.00
Интеграция чат-бота с нуля,1100000.00,142,317000.00
Интеграция веб-приложения с нуля,1129500.00,90,417100.00
Разработка DevOps-пайплайна (SaaS),1155000.00,147,310100.00
Внедрение облачной инфраструктуры (MVP),1183000.00,146,319100.00
Разработка системы резервного копирования (SaaS),1210000.00,93,329400.00
Разработка системы резервного копирования (Enterprise),1219500.00,120,359600.00
Внедрение чат-бота (POC),1255500.00,99,432500.00
Разработка нагрузочного тестирования на основе существующего решения,1317500.00,108,545600.00
Внедрение панели администратора,1362500.00,160,666500.00
Разработка ERP-системы под ключ,1380000.00,110,632600.00
Внедрение облачной инфраструктуры на основе существующего решения,1397500.00,181,588200.00
Внедрение системы аутентификации (SaaS),1445500.00,171,636200.00
Разработка ERP-системы (MVP),1453000.00,129,706000.00
Внедрение микросервисной архитектуры на основе существующего решения,1466000.00,114,452100.00
Внедрение мобильного приложения (Enterprise),1477000.00,163,394900.00
Разработка системы аутентификации (SaaS),1515000.00,193,659900.00
Разработка системы мониторинга с нуля,1529000.00,180,446100.00
Разработка системы мониторинга (POC),1762500.00,181,774700.00
Разработка сети доставки контента,1921000.00,169,855900.00
Разработка панели администратора под ключ,1947500.00,249,843800.00
